<?xml version="1.0" encoding="UTF-8"?>
<!DOCTYPE mapper
 PUBLIC "-//mybatis.org//DTD Mapper 3.0//EN"
  "http://mybatis.org/dtd/mybatis-3-mapper.dtd" >
<mapper namespace="board.mapper">

	<resultMap type="BoardDto" id="dtoMap">
		<result column="ID" property="id"/>
		<result column="POSTNUM" property="postnum"/>
		<result column="CATEGORY" property="category"/>
		<result column="GROUP_NUM" property="group_num"/>
		<result column="GROUP_ORDER" property="group_order"/>	
		<result column="TITLE" property="title"/>	
		<result column="CONTENT" property="content"/>	
		<result column="TODAY" property="today"/>	
	</resultMap>
	
	<select id="selectlist" resultType="yatte.board.dto.BoardDto">
		SELECT * FROM BOARD ORDER BY GROUP_NUM DESC, GROUP_ORDER
	</select>
	
	<select id="selectOne"  parameterType="map" resultMap="dtoMap">
		SELECT * FROM BOARD WHERE POSTNUM = #{postnum}
	</select>

	<insert id="insert" parameterType="yatte.board.dto.BoardDto">
		INSERT INTO BOARD VALUES(#{id}, POSTNUM.NEXTVAL, 1, GROUPNUM.NEXTVAL, 1, #{title}, #{content}, SYSDATE, 0 )
	</insert>
	
	<delete id="delete" parameterType="yatte.board.dto.BoardDto">
		DELETE FROM BOARD WHERE POSTNUM = #{postnum}	
	</delete>
	
	<update id="update" parameterType="yatte.board.dto.BoardDto">
		UPDATE BOARD SET TITLE = #{title}, CONTENT = #{content} WHERE POSTNUM = #{postnum}
	</update>
	
	<insert id="answer" parameterType="yatte.board.dto.BoardDto">
		INSERT INTO BOARD VALUES(#{id}, POSTNUM.NEXTVAL, 1,
		(SELECT GROUP_NUM FROM BOARD WHERE POSTNUM = #{postnum}),
		 (SELECT GROUP_ORDER FROM BOARD WHERE POSTNUM = #{postnum})+1,
		  #{title}, #{content}, SYSDATE,
		 (SELECT TITLETAB FROM BOARD WHERE POSTNUM = #{postnum} )+1)
	</insert>



</mapper>
